timestamp,test_name,avg_response_time,status_code,success_rate,vus,vus_max,duration,segment_number,iterations
"2025-11-17 11:39:47",login,197.939112,200,100,5.05,0,0,0,-1,10,10,"25s",1,173
"2025-11-17 11:39:47",login,196.043595,200,100,5.10,0,0,0,-1,10,10,"25s",1,173
"2025-11-17 11:39:47",login,153.738155,200,100,6.50,0,0,0,-1,10,10,"25s",1,173
"2025-11-17 11:39:47",login,379.95121,200,100,2.63,0,0,0,-1,10,10,"25s",1,173
"2025-11-17 11:39:47",login,232.954786,200,100,4.29,0,0,0,-1,10,10,"25s",1,173
"2025-11-17 11:39:48",login,365.984771,200,100,2.73,0,0,0,-1,10,10,"25s",1,173
"2025-11-17 11:39:48",login,461.226243,200,100,2.16,0,0,0,-1,10,10,"25s",1,173
"2025-11-17 11:39:47",login,788.113139,200,100,1.26,0,0,0,-1,10,10,"25s",1,173
"2025-11-17 11:39:48",login,374.471462,200,100,2.67,0,0,0,-1,10,10,"25s",1,173
"2025-11-17 11:39:47",login,904.99132,200,100,1.10,0,0,0,-1,10,10,"25s",1,173
"2025-11-17 11:39:47",login,1074.548217,200,100,.93,0,0,0,-1,10,10,"25s",1,173
"2025-11-17 11:39:47",login,1178.260607,200,100,.84,0,0,0,-1,10,10,"25s",1,173
"2025-11-17 11:39:48",login,758.754101,200,100,1.31,0,0,0,-1,10,10,"25s",1,173
"2025-11-17 11:39:47",login,1572.074682,200,100,.63,0,0,0,-1,10,10,"25s",1,173
"2025-11-17 11:39:48",login,721.906237,200,100,1.38,0,0,0,-1,10,10,"25s",1,173
"2025-11-17 11:39:48",login,786.090703,200,100,1.27,0,0,0,-1,10,10,"25s",1,173
"2025-11-17 11:39:47",login,1779.982409,200,100,.56,0,0,0,-1,10,10,"25s",1,173
"2025-11-17 11:39:48",login,1047.13307,200,100,.95,0,0,0,-1,10,10,"25s",1,173
"2025-11-17 11:39:49",login,761.888176,200,100,1.31,0,0,0,-1,10,10,"25s",1,173
"2025-11-17 11:39:49",login,176.688316,200,100,5.65,0,0,0,-1,10,10,"25s",1,173
"2025-11-17 11:39:48",login,1548.367475,200,100,.64,0,0,0,-1,10,10,"25s",1,173
"2025-11-17 11:39:49",login,670.601725,200,100,1.49,0,0,0,-1,10,10,"25s",1,173
"2025-11-17 11:39:49",login,1453.971457,200,100,.68,0,0,0,-1,10,10,"25s",1,173
"2025-11-17 11:39:49",login,952.584005,200,100,1.04,0,0,0,-1,10,10,"25s",1,173
"2025-11-17 11:39:49",login,1063.83693,200,100,.93,0,0,0,-1,10,10,"25s",1,173
"2025-11-17 11:39:49",login,1155.638578,200,100,.86,0,0,0,-1,10,10,"25s",1,173
"2025-11-17 11:39:47",login,3085.242369,200,100,.32,0,0,0,-1,10,10,"25s",1,173
"2025-11-17 11:39:50",login,703.445738,200,100,1.42,0,0,0,-1,10,10,"25s",1,173
"2025-11-17 11:39:50",login,578.769282,200,100,1.72,0,0,0,-1,10,10,"25s",1,173
"2025-11-17 11:39:51",login,345.85082,200,100,2.89,0,0,0,-1,10,10,"25s",1,173
"2025-11-17 11:39:50",login,660.740095,200,100,1.51,0,0,0,-1,10,10,"25s",1,173
"2025-11-17 11:39:49",login,1760.427687,200,100,.56,0,0,0,-1,10,10,"25s",1,173
"2025-11-17 11:39:50",login,765.502047,200,100,1.30,0,0,0,-1,10,10,"25s",1,173
"2025-11-17 11:39:51",login,548.586393,200,100,1.82,0,0,0,-1,10,10,"25s",1,173
"2025-11-17 11:39:49",login,2261.523022,200,100,.44,0,0,0,-1,10,10,"25s",1,173
"2025-11-17 11:39:49",login,2960.459565,200,100,.33,0,0,0,-1,10,10,"25s",1,173
"2025-11-17 11:39:51",login,1136.252796,200,100,.88,0,0,0,-1,10,10,"25s",1,173
"2025-11-17 11:39:51",login,1163.081452,200,100,.85,0,0,0,-1,10,10,"25s",1,173
"2025-11-17 11:39:51",login,1062.263936,200,100,.94,0,0,0,-1,10,10,"25s",1,173
"2025-11-17 11:39:51",login,1057.96034,200,100,.94,0,0,0,-1,10,10,"25s",1,173
"2025-11-17 11:39:51",login,2366.873794,200,100,.42,0,0,0,-1,10,10,"25s",1,173
"2025-11-17 11:39:50",login,2997.930249,200,100,.33,0,0,0,-1,10,10,"25s",1,173
"2025-11-17 11:39:52",login,659.572058,200,100,1.51,0,0,0,-1,10,10,"25s",1,173
"2025-11-17 11:39:51",login,2246.494754,200,100,.44,0,0,0,-1,10,10,"25s",1,173
"2025-11-17 11:39:51",login,1967.450823,200,100,.50,0,0,0,-1,10,10,"25s",1,173
"2025-11-17 11:39:52",login,764.787675,200,100,1.30,0,0,0,-1,10,10,"25s",1,173
"2025-11-17 11:39:53",login,556.595988,200,100,1.79,0,0,0,-1,10,10,"25s",1,173
"2025-11-17 11:39:53",login,1280.64164,200,100,.78,0,0,0,-1,10,10,"25s",1,173
"2025-11-17 11:39:51",login,3235.573716,200,100,.30,0,0,0,-1,10,10,"25s",1,173
"2025-11-17 11:39:53",login,1153.762724,200,100,.86,0,0,0,-1,10,10,"25s",1,173
"2025-11-17 11:39:53",login,1400.546788,200,100,.71,0,0,0,-1,10,10,"25s",1,173
"2025-11-17 11:39:53",login,1647.385624,200,100,.60,0,0,0,-1,10,10,"25s",1,173
"2025-11-17 11:39:52",login,2362.054102,200,100,.42,0,0,0,-1,10,10,"25s",1,173
"2025-11-17 11:39:52",login,2460.579785,200,100,.40,0,0,0,-1,10,10,"25s",1,173
"2025-11-17 11:39:54",login,1352.686235,200,100,.73,0,0,0,-1,10,10,"25s",1,173
"2025-11-17 11:39:53",login,2082.271116,200,100,.48,0,0,0,-1,10,10,"25s",1,173
"2025-11-17 11:39:55",login,664.828496,200,100,1.50,0,0,0,-1,10,10,"25s",1,173
"2025-11-17 11:39:52",login,3759.353036,200,100,.26,0,0,0,-1,10,10,"25s",1,173
"2025-11-17 11:39:54",login,1355.580772,200,100,.73,0,0,0,-1,10,10,"25s",1,173
"2025-11-17 11:39:54",login,1452.985617,200,100,.68,0,0,0,-1,10,10,"25s",1,173
"2025-11-17 11:39:54",login,1347.512593,200,100,.74,0,0,0,-1,10,10,"25s",1,173
"2025-11-17 11:39:55",login,759.896479,200,100,1.31,0,0,0,-1,10,10,"25s",1,173
"2025-11-17 11:39:56",login,559.709776,200,100,1.78,0,0,0,-1,10,10,"25s",1,173
"2025-11-17 11:39:54",login,2258.646733,200,100,.44,0,0,0,-1,10,10,"25s",1,173
"2025-11-17 11:39:55",login,1961.06509,200,100,.50,0,0,0,-1,10,10,"25s",1,173
"2025-11-17 11:39:55",login,1966.59897,200,100,.50,0,0,0,-1,10,10,"25s",1,173
"2025-11-17 11:39:56",login,1058.497832,200,100,.94,0,0,0,-1,10,10,"25s",1,173
"2025-11-17 11:39:56",login,1145.696287,200,100,.87,0,0,0,-1,10,10,"25s",1,173
"2025-11-17 11:39:56",login,1662.399815,200,100,.60,0,0,0,-1,10,10,"25s",1,173
"2025-11-17 11:39:57",login,662.829706,200,100,1.50,0,0,0,-1,10,10,"25s",1,173
"2025-11-17 11:39:56",login,1757.804747,200,100,.56,0,0,0,-1,10,10,"25s",1,173
"2025-11-17 11:39:57",login,958.443157,200,100,1.04,0,0,0,-1,10,10,"25s",1,173
"2025-11-17 11:39:55",login,3159.04554,200,100,.31,0,0,0,-1,10,10,"25s",1,173
"2025-11-17 11:39:57",login,1357.757992,200,100,.73,0,0,0,-1,10,10,"25s",1,173
"2025-11-17 11:39:56",login,2266.426158,200,100,.44,0,0,0,-1,10,10,"25s",1,173
"2025-11-17 11:39:57",login,1258.395957,200,100,.79,0,0,0,-1,10,10,"25s",1,173
"2025-11-17 11:39:56",login,2867.437213,200,100,.34,0,0,0,-1,10,10,"25s",1,173
"2025-11-17 11:39:57",login,1361.657083,200,100,.73,0,0,0,-1,10,10,"25s",1,173
"2025-11-17 11:39:58",login,1366.727264,200,100,.73,0,0,0,-1,10,10,"25s",1,173
"2025-11-17 11:39:58",login,1857.003887,200,100,.53,0,0,0,-1,10,10,"25s",1,173
"2025-11-17 11:39:58",login,1324.722258,200,100,.75,0,0,0,-1,10,10,"25s",1,173
"2025-11-17 11:39:58",login,1614.195615,200,100,.61,0,0,0,-1,10,10,"25s",1,173
"2025-11-17 11:39:58",login,2262.816209,200,100,.44,0,0,0,-1,10,10,"25s",1,173
"2025-11-17 11:39:57",login,2761.607033,200,100,.36,0,0,0,-1,10,10,"25s",1,173
"2025-11-17 11:39:58",login,2153.970302,200,100,.46,0,0,0,-1,10,10,"25s",1,173
"2025-11-17 11:39:58",login,2356.568764,200,100,.42,0,0,0,-1,10,10,"25s",1,173
"2025-11-17 11:39:59",login,1855.086835,200,100,.53,0,0,0,-1,10,10,"25s",1,173
"2025-11-17 11:39:59",login,1556.907997,200,100,.64,0,0,0,-1,10,10,"25s",1,173
"2025-11-17 11:40:00",login,856.801883,200,100,1.16,0,0,0,-1,10,10,"25s",1,173
"2025-11-17 11:39:59",login,1466.907241,200,100,.68,0,0,0,-1,10,10,"25s",1,173
"2025-11-17 11:39:59",login,2748.9657,200,100,.36,0,0,0,-1,10,10,"25s",1,173
"2025-11-17 11:39:59",login,2660.51791,200,100,.37,0,0,0,-1,10,10,"25s",1,173
"2025-11-17 11:40:00",login,1759.52203,200,100,.56,0,0,0,-1,10,10,"25s",1,173
"2025-11-17 11:40:01",login,1255.695673,200,100,.79,0,0,0,-1,10,10,"25s",1,173
"2025-11-17 11:40:00",login,1962.609749,200,100,.50,0,0,0,-1,10,10,"25s",1,173
"2025-11-17 11:40:01",login,1460.01625,200,100,.68,0,0,0,-1,10,10,"25s",1,173
"2025-11-17 11:40:01",login,1479.640317,200,100,.67,0,0,0,-1,10,10,"25s",1,173
"2025-11-17 11:40:01",login,1483.498974,200,100,.67,0,0,0,-1,10,10,"25s",1,173
"2025-11-17 11:40:00",login,2676.539198,200,100,.37,0,0,0,-1,10,10,"25s",1,173
"2025-11-17 11:40:01",login,1963.517219,200,100,.50,0,0,0,-1,10,10,"25s",1,173
"2025-11-17 11:40:02",login,674.961532,200,100,1.48,0,0,0,-1,10,10,"25s",1,173
"2025-11-17 11:40:02",login,687.797458,200,100,1.45,0,0,0,-1,10,10,"25s",1,173
"2025-11-17 11:40:01",login,1955.196202,200,100,.51,0,0,0,-1,10,10,"25s",1,173
"2025-11-17 11:40:03",login,1053.798472,200,100,.94,0,0,0,-1,10,10,"25s",1,173
"2025-11-17 11:40:02",login,1456.868432,200,100,.68,0,0,0,-1,10,10,"25s",1,173
"2025-11-17 11:40:03",login,869.618118,200,100,1.14,0,0,0,-1,10,10,"25s",1,173
"2025-11-17 11:40:02",login,1762.527038,200,100,.56,0,0,0,-1,10,10,"25s",1,173
"2025-11-17 11:40:02",login,1482.381306,200,100,.67,0,0,0,-1,10,10,"25s",1,173
"2025-11-17 11:40:03",login,659.414462,200,100,1.51,0,0,0,-1,10,10,"25s",1,173
"2025-11-17 11:40:02",login,1785.841398,200,100,.55,0,0,0,-1,10,10,"25s",1,173
"2025-11-17 11:40:02",login,2277.795225,200,100,.43,0,0,0,-1,10,10,"25s",1,173
"2025-11-17 11:40:04",login,1365.464726,200,100,.73,0,0,0,-1,10,10,"25s",1,173
"2025-11-17 11:40:02",login,2649.864848,200,100,.37,0,0,0,-1,10,10,"25s",1,173
"2025-11-17 11:40:03",login,2164.59781,200,100,.46,0,0,0,-1,10,10,"25s",1,173
"2025-11-17 11:40:04",login,1554.904118,200,100,.64,0,0,0,-1,10,10,"25s",1,173
"2025-11-17 11:40:04",login,1756.075282,200,100,.56,0,0,0,-1,10,10,"25s",1,173
"2025-11-17 11:40:04",login,1853.342804,200,100,.53,0,0,0,-1,10,10,"25s",1,173
"2025-11-17 11:40:04",login,2261.187204,200,100,.44,0,0,0,-1,10,10,"25s",1,173
"2025-11-17 11:40:06",login,751.352315,200,100,1.33,0,0,0,-1,10,10,"25s",1,173
"2025-11-17 11:40:04",login,2063.272039,200,100,.48,0,0,0,-1,10,10,"25s",1,173
"2025-11-17 11:40:06",login,765.815033,200,100,1.30,0,0,0,-1,10,10,"25s",1,173
"2025-11-17 11:40:05",login,1267.34801,200,100,.78,0,0,0,-1,10,10,"25s",1,173
"2025-11-17 11:40:06",login,660.302927,200,100,1.51,0,0,0,-1,10,10,"25s",1,173
"2025-11-17 11:40:05",login,1838.936207,200,100,.54,0,0,0,-1,10,10,"25s",1,173
"2025-11-17 11:40:05",login,2040.67735,200,100,.49,0,0,0,-1,10,10,"25s",1,173
"2025-11-17 11:40:07",login,734.717254,200,100,1.36,0,0,0,-1,10,10,"25s",1,173
"2025-11-17 11:40:04",login,3166.953935,200,100,.31,0,0,0,-1,10,10,"25s",1,173
"2025-11-17 11:40:07",login,868.798472,200,100,1.15,0,0,0,-1,10,10,"25s",1,173
"2025-11-17 11:40:07",login,1038.391392,200,100,.96,0,0,0,-1,10,10,"25s",1,173
"2025-11-17 11:40:06",login,1352.863573,200,100,.73,0,0,0,-1,10,10,"25s",1,173
"2025-11-17 11:40:08",login,362.371597,200,100,2.75,0,0,0,-1,10,10,"25s",1,173
"2025-11-17 11:40:07",login,958.438358,200,100,1.04,0,0,0,-1,10,10,"25s",1,173
"2025-11-17 11:40:06",login,1658.100497,200,100,.60,0,0,0,-1,10,10,"25s",1,173
"2025-11-17 11:40:05",login,3458.493329,200,100,.28,0,0,0,-1,10,10,"25s",1,173
"2025-11-17 11:40:08",login,353.569299,200,100,2.82,0,0,0,-1,10,10,"25s",1,173
"2025-11-17 11:40:06",login,2072.078032,200,100,.48,0,0,0,-1,10,10,"25s",1,173
"2025-11-17 11:40:07",login,1019.196383,200,100,.98,0,0,0,-1,10,10,"25s",1,173
"2025-11-17 11:40:08",login,363.434659,200,100,2.75,0,0,0,-1,10,10,"25s",1,173
"2025-11-17 11:40:08",login,354.618572,200,100,2.81,0,0,0,-1,10,10,"25s",1,173
"2025-11-17 11:40:08",login,553.864074,200,100,1.80,0,0,0,-1,10,10,"25s",1,173
"2025-11-17 11:40:08",login,655.987695,200,100,1.52,0,0,0,-1,10,10,"25s",1,173
"2025-11-17 11:40:08",login,553.240946,200,100,1.80,0,0,0,-1,10,10,"25s",1,173
"2025-11-17 11:40:08",login,488.690746,200,100,2.04,0,0,0,-1,10,10,"25s",1,173
"2025-11-17 11:40:09",login,270.186907,200,100,3.70,0,0,0,-1,10,10,"25s",1,173
"2025-11-17 11:40:08",login,599.955144,200,100,1.66,0,0,0,-1,10,10,"25s",1,173
"2025-11-17 11:40:09",login,363.410193,200,100,2.75,0,0,0,-1,10,10,"25s",1,173
"2025-11-17 11:40:08",login,664.354868,200,100,1.50,0,0,0,-1,10,10,"25s",1,173
"2025-11-17 11:40:09",login,459.382553,200,100,2.17,0,0,0,-1,10,10,"25s",1,173
"2025-11-17 11:40:07",login,2371.276993,200,100,.42,0,0,0,-1,10,10,"25s",1,173
"2025-11-17 11:40:09",login,662.456147,200,100,1.50,0,0,0,-1,10,10,"25s",1,173
"2025-11-17 11:40:08",login,2164.271005,200,100,.46,0,0,0,-1,10,10,"25s",1,173
"2025-11-17 11:40:09",login,959.521015,200,100,1.04,0,0,0,-1,10,10,"25s",1,173
"2025-11-17 11:40:07",login,2961.316916,200,100,.33,0,0,0,-1,10,10,"25s",1,173
"2025-11-17 11:40:09",login,1054.327579,200,100,.94,0,0,0,-1,10,10,"25s",1,173
"2025-11-17 11:40:10",login,644.016355,200,100,1.55,0,0,0,-1,10,10,"25s",1,173
"2025-11-17 11:40:09",login,1342.379251,200,100,.74,0,0,0,-1,10,10,"25s",1,173
"2025-11-17 11:40:09",login,2156.076511,200,100,.46,0,0,0,-1,10,10,"25s",1,173
"2025-11-17 11:40:10",login,1141.744036,200,100,.87,0,0,0,-1,10,10,"25s",1,173
"2025-11-17 11:40:10",login,659.791243,200,100,1.51,0,0,0,-1,10,10,"25s",1,173
"2025-11-17 11:40:09",login,1956.969408,200,100,.51,0,0,0,-1,10,10,"25s",1,173
"2025-11-17 11:40:10",login,1446.215758,200,100,.69,0,0,0,-1,10,10,"25s",1,173
"2025-11-17 11:40:10",login,1064.740147,200,100,.93,0,0,0,-1,10,10,"25s",1,173
"2025-11-17 11:40:10",login,1759.121975,200,100,.56,0,0,0,-1,10,10,"25s",1,173
"2025-11-17 11:40:11",login,1061.508598,200,100,.94,0,0,0,-1,10,10,"25s",1,173
"2025-11-17 11:40:11",login,1269.104708,200,100,.78,0,0,0,-1,10,10,"25s",1,173
"2025-11-17 11:40:09",login,3365.263694,200,100,.29,0,0,0,-1,10,10,"25s",1,173
"2025-11-17 11:40:11",login,863.20281,200,100,1.15,0,0,0,-1,10,10,"25s",1,173
"2025-11-17 11:40:11",login,1866.095249,200,100,.53,0,0,0,-1,10,10,"25s",1,173
"2025-11-17 11:40:11",login,1456.672292,200,100,.68,0,0,0,-1,10,10,"25s",1,173
"2025-11-17 11:40:12",login,866.46722,200,100,1.15,0,0,0,-1,10,10,"25s",1,173
"2025-11-17 11:40:12",login,769.67925,200,100,1.29,0,0,0,-1,10,10,"25s",1,173
"2025-11-17 11:40:10",login,2260.847283,200,100,.44,0,0,0,-1,10,10,"25s",1,173
"2025-11-17 11:40:11",login,1272.56104,200,100,.78,0,0,0,-1,10,10,"25s",1,173
