timestamp,test_name,avg_response_time,status_code,success_rate,vus,vus_max,iterations
2025-10-29 17:21:41,login,293.176422,200,100,10,10,10
2025-10-29 17:21:41,login,403.906173,200,100,10,10,10
2025-10-29 17:21:41,login,500.566925,200,100,10,10,10
2025-10-29 17:21:41,login,603.947499,200,100,10,10,10
2025-10-29 17:21:41,login,998.635965,200,100,10,10,10
2025-10-29 17:21:41,login,1198.13706,200,100,10,10,10
2025-10-29 17:21:41,login,1105.31869,200,100,10,10,10
2025-10-29 17:21:41,login,1109.756133,200,100,10,10,10
2025-10-29 17:21:41,login,1205.104166,200,100,10,10,10
